OBJECTID,ACCIDENTNUM,ACCIDENTDATE,ACCIDENT_YEAR,ACCIDENT_MONTH,ACCIDENT_DAY,ACCIDENT_HOUR,ACCIDENT_MINUTE,ACCIDENT_SECOND,ACCIDENT_WEEKDAY,XCOORD,YCOORD,LONGITUDE,LATITUDE,ACCIDENTLOCATION,COLLISIONTYPE,CLASSIFICATIONOFACCIDENT,IMPACTLOCATION,INITIALDIRECTIONOFTRAVELONE,INITIALDIRECTIONOFTRAVELTWO,INITIALIMPACTTYPE,INTTRAFFICCONTROL,LIGHT,LIGHTFORREPORT,ROADJURISDICTION,TRAFFICCONTROL,TRAFFICCONTROLCONDITION,THRULANENO,NORTHBOUNDDISOBEYCOUNT,SOUTHBOUNDDISOBEYCOUNT,PEDESTRIANINVOLVED,CYCLISTINVOLVED,MOTORCYCLISTINVOLVED,ENVIRONMENTCONDITION1,ENVIRONMENTCONDITION2,SELFREPORTED,XMLIMPORTNOTES,LASTEDITEDDATE,CREATE_BY,CREATE_DATE
52250,22153922,1656754380000,2022,7,2,9,33,0,Saturday,542060.37082,4807188.22599,-80.480457,43.41641,Other,2,P.D. only,Off highway,unknown,unknown,SMV other,Unknown,Daylight,01 - Daylight,Regional municipality,No control,unknown,0,0,0,False,False,False,Clear,,False,Road 1: 599 STRASBURG RD ((IFO)); Vehicle #1     Make: GMC     Model: SIE     Colour: WHI     Style: PK,1/3/2023 10:23:46 AM,,
52252,22154077,1656767700000,2022,7,2,13,15,0,Saturday,540262.40645,4809318.4953,-80.50250799999999,43.43569,At/near private drive,1,Non-fatal injury,Left shoulder,unknown,unknown,SMV unattended vehicle,Unknown,Daylight,01 - Daylight,Municipal (excl. Twp. Rd.),No control,unknown,0,0,0,False,False,False,Clear,,False,Road 1: 44 BELMONT AVE E ((IFO)) (50 km/h); Road 2: QUEENS BLVD; Distance: 500.0 M E; Charged Driver #1 on page 1: HTA 130 (NA) (NA); Vehicle #1     Make: SUBA     Model: VDC     Colour: SIL     Style: 4W; Vehicle #2     Make: MERZ     Model: B20     Colo,1/3/2023 10:22:43 AM,,
52257,22155614,1656943680000,2022,7,4,14,8,0,Monday,545862.8295,4808690.25635,-80.433363,43.429711,Intersection related,1,Non-fatal injury,Not on roadway - right side,unknown,unknown,SMV other,Unknown,"Daylight, artificial","02 - Daylight, artificial",Municipal (excl. Twp. Rd.),unknown,unknown,0,0,0,False,False,False,Clear,,False,Road 1: MORGAN AVE (50 km/h); Road 2: CENTREVILLE ST; Distance: 5.0 M E; Charged Driver #1 on page 1: HTA 130 (NA) (NA); Vehicle #1     Make: TOYT     Model: CBA     Colour: BRN     Style: 4D,1/3/2023 10:16:12 AM,,
52263,22156362,1656965460000,2022,7,4,20,11,0,Monday,540978.55736,4803285.64692,-80.494112,43.381330999999996,Intersection related,1,Non-fatal injury,Within intersection,unknown,unknown,Angle,Unknown,Dusk,05 - Dusk,Regional municipality,No control,Functioning,0,0,0,False,False,False,Clear,,False,Road 1: HURON RD (60 km/h); Road 2: LUDOLPH ST (60 km/h); Vehicle #1     Make: TOYT     Model: HIG     Colour: BRN     Style: TY; Vehicle #2     Make: TOYT     Model: SIE     Colour: GRY     Style: VN,1/3/2023 10:17:16 AM,,
52269,22157768,1657104900000,2022,7,6,10,55,0,Wednesday,541889.72291,4806559.11204,-80.482613,43.410754999999995,At intersection,2,P.D. only,Thru lane,unknown,unknown,Sideswipe,Unknown,Daylight,01 - Daylight,Municipal (excl. Twp. Rd.),Traffic signal,Functioning,0,0,0,False,False,False,Clear,,True,Road 1: RITTEENHOUSE; Road 2: TUERR DR; Vehicle #1     Make: NISS     Model: ROG     Colour: SIL     Style: TY; Vehicle #2     Make: CHEV     Model: EQU     Colour: GRY     Style: TY,12/22/2022 9:29:52 AM,,
52270,22158113,1657114200000,2022,7,6,13,30,0,Wednesday,546568.71747,4808421.8135,-80.42466499999999,43.427251,Non intersection,2,P.D. only,Thru lane,unknown,unknown,Rear end,Unknown,Daylight,01 - Daylight,Municipal (excl. Twp. Rd.),No control,unknown,0,0,0,False,False,False,Clear,,True,Road 1: MORGAN AVE; Road 2: GREENDALE CRESCENT; Vehicle #1     Make: HOND     Model: ULS     Colour: WHI     Style: 4D; Vehicle #2     Make: DODG     Model: CAR     Colour: BLU     Style: VN,12/22/2022 9:29:54 AM,,
52271,22158331,1657145880000,2022,7,6,22,18,0,Wednesday,545833.21873,4802615.79628,-80.434238,43.375018,At intersection,1,Non-fatal injury,Within intersection,unknown,unknown,SMV other,Unknown,Dark,07 - Dark,Municipal (excl. Twp. Rd.),unknown,Functioning,0,0,0,True,False,False,Clear,,False,Road 1: DOON S DR (40 km/h); Road 2: THOMAS SLEE DR (40 km/h); Vehicle #1     Make:      Model:      Colour:      Style:,1/3/2023 10:18:39 AM,,
52279,22161043,1657373820000,2022,7,9,13,37,0,Saturday,545275.0489,4806434.25061,-80.440812,43.409434,Intersection related,2,P.D. only,Within intersection,unknown,unknown,Turning movement,Stop sign,Daylight,01 - Daylight,Municipal (excl. Twp. Rd.),Stop sign,Functioning,0,0,0,False,False,False,Clear,,False,Road 1: WILSON AVE (50 km/h); Road 2: WABANAKI DR (50 km/h); Charged Driver #1 on page 1: HTA 142 (NA) (NA); Vehicle #1     Make: LEXS     Model: RC0     Colour: RED     Style: 2D; Vehicle #2     Make:      Model: -     Colour:      Style: 2D,1/3/2023 10:16:21 AM,,
52280,22161071,1657375200000,2022,7,9,14,0,0,Saturday,544632.04889,4810341.46555,-80.44843399999999,43.444652999999995,Non intersection,2,Non-reportable,Thru lane,unknown,unknown,Angle,Unknown,Daylight,01 - Daylight,Regional municipality,No control,unknown,0,0,0,False,False,False,Clear,,True,Road 1: FRANKLIN ST N; Road 2: BRADLEY DR; Vehicle #1     Make: KIA     Model: OLX     Colour: SIL     Style: 4D; Vehicle #2     Make:      Model:      Colour:      Style:,12/22/2022 9:28:44 AM,,
52281,22161196,1657386360000,2022,7,9,17,6,0,Saturday,542991.67887,4806947.60391,-80.468972,43.414190999999995,At/near private drive,2,P.D. only,Thru lane,unknown,unknown,Other,Unknown,Daylight,01 - Daylight,Regional municipality,No control,unknown,1,0,0,False,False,False,Clear,,False,Road 1: 245 COUNTRY HILL DR (40 km/h); Road 2: COUNTRY HILL DR; Distance: 1.0 M N; Charged Driver #1 on page 1: HTA 139 (NA) (NA); Vehicle #1     Make: TOYT     Model: CTX     Colour: GRN     Style: 4B; Vehicle #2     Make: HOND     Model: ULX     Colour:,1/3/2023 10:21:54 AM,,
52282,22161782,1657448640000,2022,7,10,10,24,0,Sunday,545035.20364,4807868.95859,-80.44365599999999,43.422366,At intersection,1,Non-fatal injury,Within intersection,unknown,unknown,SMV other,Unknown,Daylight,01 - Daylight,Municipal (excl. Twp. Rd.),Traffic signal,Functioning,0,0,0,True,False,False,Clear,,False,Road 1: KINGSWAY DR (50 km/h); Road 2: WILSON AVE (50 km/h); Charged Driver #1 on page 1: HTA 144 (NA) (NA); Vehicle #1     Make: MERZ     Model: B2M     Colour: WHI     Style: 4B,12/22/2022 9:37:04 AM,,
52283,22161949,1657464840000,2022,7,10,14,54,0,Sunday,543737.40196,4805612.48817,-80.459868,43.402125999999996,Non intersection,2,P.D. only,Not on roadway - right side,unknown,unknown,SMV other,Unknown,Daylight,01 - Daylight,Municipal (excl. Twp. Rd.),No control,unknown,0,0,0,False,False,False,Clear,,False,Road 1: TRILLIUM DR (50 km/h); Road 2: BEASLEY DR; Distance: 60.0 K W; Vehicle #1     Make: TOYT     Model: HIG     Colour: BLU     Style: TY,12/22/2022 9:35:35 AM,,
52284,22162298,1657492200000,2022,7,10,22,30,0,Sunday,545697.5162,4803968.37282,-80.4358,43.387205,Non intersection,2,P.D. only,Thru lane,unknown,unknown,SMV unattended vehicle,Unknown,Dark,07 - Dark,Municipal (excl. Twp. Rd.),No control,unknown,1,0,0,False,False,False,Clear,,False,Road 1: 261 DOON MILLS DR (50 km/h); Road 2: APPLE RIDGE DR; Distance: 50.0 M W; Vehicle #1     Make: MERZ     Model: M35     Colour: WHI     Style: TY; Vehicle #2     Make: HYUN     Model: ESM     Colour: RED     Style: 4D,1/3/2023 10:14:24 AM,,
52289,22163038,1657559280000,2022,7,11,17,8,0,Monday,539568.04962,4811425.26159,-80.51093499999999,43.454696,Intersection related,2,P.D. only,Within intersection,unknown,unknown,Angle,Unknown,Daylight,01 - Daylight,Municipal (excl. Twp. Rd.),unknown,Functioning,0,0,0,False,False,True,Clear,,False,Road 1: PARK ST (50 km/h); Road 2: GREEN ST (50 km/h); Charged Driver #1 on page 1: HTA 142 (NA) (NA); Vehicle #1     Make: HOND     Model: PIL     Colour: WHI     Style: TY; Vehicle #2     Make: HD     Model: FDX     Colour: BLU     Style: MS,1/3/2023 10:16:33 AM,,
52295,22164848,1657727340000,2022,7,13,15,49,0,Wednesday,543225.95887,4804481.13023,-80.466273,43.391968999999996,Non intersection,2,P.D. only,Left turn lane,unknown,unknown,Rear end,Unknown,Daylight,01 - Daylight,Municipal (excl. Twp. Rd.),No control,unknown,0,0,0,False,False,False,Clear,,False,Road 1: HURON RD (60 km/h); Road 2: STRASBURG RD; Distance: 10.0 M S; Charged Driver #1 on page 1: HTA 130 (1) (NA); Vehicle #1     Make: TOYT     Model: RV4     Colour: BLK     Style: 4W; Vehicle #2     Make: RAM     Model: RTR     Colour: BLK     Style:,1/3/2023 10:15:09 AM,,
52298,22166070,1657835880000,2022,7,14,21,58,0,Thursday,539111.61312,4811656.1681,-80.516559,43.456799,At intersection,1,Non-fatal injury,Within intersection,unknown,unknown,Angle,Unknown,Dark,07 - Dark,Municipal (excl. Twp. Rd.),unknown,Functioning,0,0,0,False,False,False,Clear,,False,Road 1: UNION BLVD (50 km/h); Road 2: PARK ST (50 km/h); Charged Driver #1 on page 1: HTA 130 (NA) (NA); Vehicle #1     Make: NISS     Model: ROG     Colour: BLK     Style: TY; Vehicle #2     Make: BMW     Model: TRG     Colour: BLK     Style: TY,1/3/2023 10:19:39 AM,,
52300,22166414,1657789200000,2022,7,14,9,0,0,Thursday,542703.96265,4810215.08055,-80.47227,43.443627,Non intersection,2,Non-reportable,Not on roadway - right side,unknown,unknown,SMV unattended vehicle,Unknown,Daylight,01 - Daylight,Municipal (excl. Twp. Rd.),No control,unknown,0,0,0,False,False,False,Clear,,True,Road 1: 37 CRESCENT ST; Vehicle #1     Make: TOYT     Model: C4E     Colour: BLU     Style: 4D; Vehicle #2     Make: MAZD     Model: M3I     Colour: BLK     Style: 4B,12/22/2022 9:27:58 AM,,
52301,22166597,1657893000000,2022,7,15,13,50,0,Friday,539995.54252,4810355.36811,-80.505729,43.44504,At/near private drive,2,Non-reportable,Thru lane,unknown,unknown,Sideswipe,Unknown,Daylight,01 - Daylight,Regional municipality,unknown,unknown,0,0,0,False,False,False,Clear,,True,Road 1: STRANGE ST; Road 2: VICTORIA ST S; Vehicle #1     Make: HYUN     Model: SFT     Colour: ONG     Style: TY; Vehicle #2     Make: NISS     Model: ROG     Colour: BLU     Style: TY,12/22/2022 9:35:11 AM,,
52302,22166606,1657892400000,2022,7,15,13,40,0,Friday,540619.45608,4810957.09116,-80.497974,43.450424999999996,At intersection,2,P.D. only,Within intersection,unknown,unknown,Angle,Unknown,Daylight,01 - Daylight,Municipal (excl. Twp. Rd.),unknown,Functioning,0,0,0,False,False,False,Clear,,False,Road 1: LINDEN AVE (50 km/h); Road 2: JOSEPH ST (50 km/h); Vehicle #1     Make: FORD     Model: EPR     Colour: BLU     Style: TY; Vehicle #2     Make:      Model: -     Colour:      Style:,1/3/2023 10:19:42 AM,,
52304,22167075,1657918800000,2022,7,15,21,0,0,Friday,542650.37535,4807351.90763,-80.473156,43.41785,Intersection related,2,P.D. only,Thru lane,unknown,unknown,Rear end,Unknown,Dusk,05 - Dusk,Regional municipality,unknown,Functioning,1,0,0,False,False,False,Clear,,False,Road 1: BLOCK LINE RD (50 km/h); Road 2: KINGSWOOD DR (40 km/h); Vehicle #1     Make: NISS     Model: SBL     Colour: SIL     Style: 4D; Vehicle #2     Make: TOYT     Model: RV4     Colour: GRY     Style: TY,1/3/2023 10:16:08 AM,,
52305,22170608,1658251800000,2022,7,19,17,30,0,Tuesday,542948.68197,4812957.02844,-80.46902999999999,43.468302,Non intersection,2,P.D. only,Thru lane,unknown,unknown,Rear end,Unknown,Daylight,01 - Daylight,Municipal (excl. Twp. Rd.),No control,unknown,0,0,0,False,False,False,Clear,,True,Road 1: WELLINGTON ST N; Road 2: RIVERBEND DR; Distance: 200.0 M N; Vehicle #1     Make: LEXS     Model: RXH     Colour: WHI     Style: TY; Vehicle #2     Make: HYUN     Model: K1G     Colour: BLK     Style: TY; Vehicle #3     Make: HOND     Model: CCL   ,12/22/2022 9:35:33 AM,,
52307,22171191,1658317260000,2022,7,20,11,41,0,Wednesday,540486.64877,4809735.92774,-80.499706,43.439436,At intersection,1,Non-fatal injury,Within intersection,unknown,unknown,Angle,Unknown,Daylight,01 - Daylight,Municipal (excl. Twp. Rd.),unknown,Functioning,0,0,0,False,False,False,Clear,,False,Road 1: SPADINA RD E (50 km/h); Road 2: QUEENS BLVD (50 km/h); Charged Driver #1 on page 1: HTA 136 (NA) (NA); Vehicle #1     Make: VOLV     Model: 06G     Colour: GRY     Style: TY; Vehicle #2     Make: HOND     Model: COD     Colour: GRY     Style: VN,1/3/2023 10:20:02 AM,,
52310,22172252,1658417160000,2022,7,21,15,26,0,Thursday,541981.81191,4810674.65499,-80.48115899999999,43.447806,At intersection,1,Non-fatal injury,Within intersection,unknown,unknown,Angle,Unknown,Daylight,01 - Daylight,Municipal (excl. Twp. Rd.),Stop sign,Functioning,0,0,1,False,True,False,Clear,,False,Road 1: MADISON AVE N (50 km/h); Road 2: DUKE ST E (40 km/h); Charged Driver #1 on page 1: HTA 136 (NA) (NA); Vehicle #1     Make: BICY     Model: BICY     Colour:      Style: ; Vehicle #2     Make: SUBA     Model: O6L     Colour: SIL     Style: SW,12/22/2022 9:36:07 AM,,
52311,22172334,1658422200000,2022,7,21,16,50,0,Thursday,541417.13102,4812179.1648,-80.488023,43.461383999999995,Non intersection,2,P.D. only,Thru lane,unknown,unknown,Turning movement,Unknown,Daylight,01 - Daylight,Municipal (excl. Twp. Rd.),No control,unknown,0,0,0,False,False,False,Clear,,True,Road 1: ST LEGER ST; Road 2: VICTORIA MARIE CT; Vehicle #1     Make: AUDI     Model: 1QS     Colour: RED     Style: 4D; Vehicle #2     Make: HOND     Model: CXG     Colour: BLK     Style: 4D,12/22/2022 9:35:36 AM,,
52312,22172925,1656702000000,2022,7,1,19,0,0,Friday,545673.08911,4810641.20075,-80.435544,43.447289,Intersection related,2,Non-reportable,Within intersection,unknown,unknown,Turning movement,Unknown,Daylight,01 - Daylight,Municipal (excl. Twp. Rd.),Stop sign,Functioning,0,0,0,False,False,False,Clear,,True,Road 1: KENORA DR; Road 2: OLD CHICOPEE DR; Vehicle #1     Make: ACUR     Model: CCS     Colour: SIL     Style: 4D; Vehicle #2     Make: MITS     Model: LSL     Colour: WHI     Style: 4D,12/22/2022 9:28:26 AM,,
52313,22172934,1656849600000,2022,7,3,12,0,0,Sunday,538477.18287,4806574.11607,-80.524759,43.411072999999995,At/near private drive,2,Non-reportable,Left shoulder,unknown,unknown,SMV unattended vehicle,Unknown,Daylight,01 - Daylight,Municipal (excl. Twp. Rd.),No control,unknown,0,0,0,False,False,False,Clear,,True,Road 1: EVERGLADE CRESCENT (IFO 60); Vehicle #1     Make: MAZD     Model: 3TR     Colour: BLU     Style: 4D; Vehicle #2     Make: HOND     Model: ULX     Colour: SIL     Style: 4D,12/22/2022 9:35:48 AM,,
52314,22172974,1658239200000,2022,7,19,14,0,0,Tuesday,538726.27106,4806020.5825,-80.521722,43.406076,Other,2,P.D. only,Thru lane,unknown,unknown,SMV unattended vehicle,Unknown,Daylight,01 - Daylight,Municipal (excl. Twp. Rd.),No control,unknown,0,0,0,False,False,False,Clear,,True,Road 1: 517 PEACH BLOSSOM COURT (IFO 517); Vehicle #1     Make: HOND     Model: UDY     Colour: GRY     Style: VN; Vehicle #2     Make: BUIC     Model: ENC     Colour: GRN     Style: TY,12/22/2022 9:35:32 AM,,
52315,22173030,1658163240000,2022,7,18,16,54,0,Monday,540223.04894,4809455.24039,-80.502984,43.436923,Non intersection,2,P.D. only,Thru lane,unknown,unknown,Angle,Unknown,Daylight,01 - Daylight,Regional municipality,unknown,unknown,0,0,0,False,False,False,Clear,,True,Road 1: 1011 QUEEN'S BLVD (IFO); Vehicle #1     Make: HOND     Model: CRV     Colour: BLK     Style: 4D; Vehicle #2     Make: CHEV     Model: VTP     Colour: GRY     Style: 4B,12/22/2022 9:35:18 AM,,